tournament_year,player_name,team_country,position,club,dob,age_at_tournament,caps,goals
2018,Essam El-Hadary,Egypt,GK,Al-Taawoun,1973-01-15,45,158,0
2018,Ali Gabr,Egypt,DF,West Bromwich Albion,1989-01-01,29,21,1
2018,Ahmed Elmohamady,Egypt,DF,Aston Villa,1987-09-09,30,78,2
2018,Omar Gaber,Egypt,MF,Los Angeles FC,1992-01-30,26,24,0
2018,Sam Morsy,Egypt,MF,Wigan Athletic,1991-09-10,26,5,0
2018,Ahmed Hegazi (footballer),Egypt,DF,West Bromwich Albion,1991-01-25,27,45,1
2018,Ahmed Fathy,Egypt,DF,Al Ahly,1984-11-10,33,126,3
2018,Tarek Hamed,Egypt,MF,Zamalek,1988-10-24,29,21,0
2018,Marwan Mohsen,Egypt,FW,Al Ahly,1989-02-26,29,24,4
2018,Mohamed Salah,Egypt,FW,Liverpool,1992-06-15,25,57,33
2018,Kahraba (footballer),Egypt,FW,Al-Ittihad,1994-04-13,24,19,3
2018,Ayman Ashraf,Egypt,DF,Al Ahly,1991-04-09,27,4,0
2018,Mohamed Abdel-Shafy,Egypt,DF,Al-Fateh,1985-07-01,32,51,1
2018,Ramadan Sobhi,Egypt,FW,Stoke City,1997-01-23,21,23,1
2018,Mahmoud Hamdy,Egypt,DF,Zamalek,1995-06-01,23,0,0
2018,Sherif Ekramy,Egypt,GK,Al Ahly,1983-07-10,34,22,0
2018,Mohamed Elneny,Egypt,MF,Arsenal,1992-07-11,25,61,5
2018,Shikabala,Egypt,FW,Al-Raed,1986-03-05,32,29,2
2018,Abdallah Said,Egypt,MF,KuPS,1985-07-13,32,36,6
2018,Saad Samir,Egypt,DF,Al Ahly,1989-04-01,29,11,0
2018,Trezeguet (Egyptian footballer),Egypt,MF,KasImpasa,1994-10-01,23,24,2
2018,Amr Warda,Egypt,FW,Atromitos,1993-09-17,24,16,0
2018,Mohamed El-Shenawy,Egypt,GK,Al Ahly,1988-12-18,29,3,0
2018,Igor Akinfeev,Russia,GK,CSKA Moscow,1986-04-08,32,106,0
2018,Mario Fernandes (footballer),Russia,DF,CSKA Moscow,1990-09-19,27,5,0
2018,Ilya Kutepov,Russia,DF,Spartak Moscow,1993-07-29,24,7,0
2018,Sergei Ignashevich,Russia,DF,CSKA Moscow,1979-07-14,38,122,8
2018,Andrei Sergeyevich Semyonov,Russia,DF,Akhmat Grozny,1989-03-24,29,6,0
2018,Denis Cheryshev,Russia,MF,Villarreal,1990-12-26,27,11,0
2018,Daler Kuzyayev,Russia,MF,Zenit Saint Petersburg,1993-01-15,25,6,0
2018,Yury Gazinsky,Russia,MF,Krasnodar,1989-07-20,28,6,0
2018,Alan Dzagoev,Russia,MF,CSKA Moscow,1990-06-17,27,57,9
2018,Fyodor Smolov,Russia,FW,Krasnodar,1990-02-09,28,32,12
2018,Roman Zobnin,Russia,MF,Spartak Moscow,1994-02-11,24,12,0
2018,Andrey Lunyov,Russia,GK,Zenit Saint Petersburg,1991-11-13,26,3,0
2018,Fyodor Kudryashov,Russia,DF,Rubin Kazan,1987-04-05,31,19,0
2018,Vladimir Granat,Russia,DF,Rubin Kazan,1987-05-22,31,12,1
2018,Aleksei Miranchuk,Russia,MF,Lokomotiv Moscow,1995-10-17,22,18,4
2018,Anton Miranchuk,Russia,MF,Lokomotiv Moscow,1995-10-17,22,6,0
2018,Aleksandr Golovin (footballer),Russia,MF,CSKA Moscow,1996-05-30,22,19,2
2018,Yuri Zhirkov,Russia,MF,Zenit Saint Petersburg,1983-08-20,34,84,2
2018,Aleksandr Samedov,Russia,MF,Spartak Moscow,1984-07-19,33,48,7
2018,Vladimir Gabulov,Russia,GK,Club Brugge,1983-10-19,34,10,0
2018,Aleksandr Yerokhin,Russia,MF,Zenit Saint Petersburg,1989-10-13,28,17,0
2018,Artem Dzyuba,Russia,FW,Arsenal Tula,1988-08-22,29,23,11
2018,Igor Smolnikov,Russia,DF,Zenit Saint Petersburg,1988-08-08,29,27,0
2018,Abdullah Al-Mayouf,Saudi Arabia,GK,Al-Hilal,1987-01-23,31,11,0
2018,Mansoor Al-Harbi,Saudi Arabia,DF,Al-Ahli,1987-10-19,30,40,1
2018,Osama Hawsawi,Saudi Arabia,DF,Al-Hilal,1984-03-31,34,135,7
2018,Ali Al-Bulaihi,Saudi Arabia,DF,Al-Hilal,1989-11-21,28,4,0
2018,Omar Hawsawi,Saudi Arabia,DF,Al-Nassr,1985-09-27,32,42,3
2018,Mohammed Al-Breik,Saudi Arabia,DF,Al-Hilal,1992-09-15,25,11,1
2018,Salman Al-Faraj,Saudi Arabia,MF,Al-Hilal,1989-08-01,28,43,3
2018,Yahya Al-Shehri,Saudi Arabia,MF,Leganes,1990-06-26,27,57,8
2018,Hattan Bahebri,Saudi Arabia,MF,Al-Shabab,1992-07-16,25,5,0
2018,Mohammad Al-Sahlawi,Saudi Arabia,FW,Al-Nassr,1987-01-10,31,40,28
2018,Abdulmalek Al-Khaibri,Saudi Arabia,MF,Al-Hilal,1986-03-13,32,36,0
2018,Mohamed Kanno,Saudi Arabia,MF,Al-Hilal,1994-09-22,23,6,1
2018,Yasser Al-Shahrani,Saudi Arabia,DF,Al-Hilal,1992-05-25,26,37,0
2018,Abdullah Otayf,Saudi Arabia,MF,Al-Hilal,1992-08-03,25,16,1
2018,Abdullah Al-Khaibari,Saudi Arabia,MF,Al-Shabab,1996-08-16,21,5,0
2018,Housain Al-Mogahwi,Saudi Arabia,MF,Al-Ahli,1988-03-24,30,18,1
2018,Taisir Al-Jassim,Saudi Arabia,MF,Al-Ahli,1984-07-25,33,132,19
2018,Salem Al-Dawsari,Saudi Arabia,MF,Villarreal,1991-08-19,26,33,4
2018,Fahad Al-Muwallad,Saudi Arabia,FW,Levante,1994-09-14,23,45,10
2018,Muhannad Assiri,Saudi Arabia,FW,Al-Ahli,1986-10-14,31,18,4
2018,Yasser Al-Mosailem,Saudi Arabia,GK,Al-Ahli,1984-02-27,34,32,0
2018,Mohammed Al-Owais,Saudi Arabia,GK,Al-Ahli,1991-10-10,26,6,0
2018,Motaz Hawsawi,Saudi Arabia,DF,Al-Ahli,1992-02-17,26,17,0
2018,Fernando Muslera,Uruguay,GK,Galatasaray,1986-06-16,31,97,0
2018,Jose Gimenez,Uruguay,DF,Atletico Madrid,1995-01-20,23,42,5
2018,Diego Godin,Uruguay,DF,Atletico Madrid,1986-02-16,32,116,8
2018,Guillermo Varela,Uruguay,DF,Penarol,1993-03-24,25,3,0
2018,Carlos Andres Sanchez,Uruguay,MF,Monterrey,1984-12-02,33,36,1
2018,Rodrigo Bentancur,Uruguay,MF,Juventus,1997-06-25,20,7,0
2018,Cristian Rodriguez,Uruguay,MF,Penarol,1985-09-30,32,105,11
2018,Nahitan Nandez,Uruguay,MF,Boca Juniors,1995-12-28,22,12,0
2018,Luis Suarez,Uruguay,FW,Barcelona,1987-01-24,31,98,51
2018,Giorgian De Arrascaeta,Uruguay,FW,Cruzeiro,1994-06-01,24,14,2
2018,Cristhian Stuani,Uruguay,FW,Girona,1986-10-12,31,41,5
2018,Martin Campana,Uruguay,GK,Independiente,1989-05-29,29,1,0
2018,Gaston Silva,Uruguay,DF,Independiente,1994-03-05,24,17,0
2018,Lucas Torreira,Uruguay,MF,Sampdoria,1996-02-11,22,3,0
2018,Matias Vecino,Uruguay,MF,Inter Milan,1991-08-24,26,22,1
2018,Maxi Pereira,Uruguay,DF,Porto,1984-06-08,34,125,3
2018,Diego Laxalt,Uruguay,MF,Genoa,1993-02-07,25,6,0
2018,Maxi Gomez,Uruguay,FW,Celta Vigo,1996-08-14,21,5,0
2018,Sebastian Coates,Uruguay,DF,Sporting CP,1990-10-07,27,30,1
2018,Jonathan Urretaviscaya,Uruguay,FW,Monterrey,1990-03-19,28,4,0
2018,Edinson Cavani,Uruguay,FW,Paris Saint-Germain,1987-02-14,31,101,42
2018,Martin Caceres,Uruguay,DF,Lazio,1987-04-07,31,76,4
2018,Martin Silva,Uruguay,GK,Vasco da Gama,1983-03-25,35,11,0
2018,Alireza Beiranvand,Iran,GK,Persepolis,1992-09-21,25,22,0
2018,Mehdi Torabi,Iran,MF,Saipa,1994-09-10,23,17,4
2018,Ehsan Hajsafi,Iran,DF,Olympiacos,1990-02-25,28,94,6
2018,Rouzbeh Cheshmi,Iran,DF,Esteghlal,1993-07-24,24,10,1
2018,Milad Mohammadi,Iran,DF,Akhmat Grozny,1993-09-29,24,19,0
2018,Saeid Ezatolahi,Iran,MF,Amkar Perm,1996-10-01,21,25,1
2018,Masoud Shojaei,Iran,MF,AEK Athens,1984-06-09,34,74,8
2018,Morteza Pouraliganji,Iran,DF,Al-Sadd,1992-04-19,26,27,2
2018,Omid Ebrahimi,Iran,MF,Esteghlal,1987-09-16,30,30,0
2018,Karim Ansarifard,Iran,FW,Olympiacos,1990-04-03,28,64,17
2018,Vahid Amiri,Iran,MF,Persepolis,1988-04-02,30,36,1
2018,Mohammad Rashid Mazaheri,Iran,GK,Zob Ahan,1989-05-18,29,3,0
2018,Mohammad Reza Khanzadeh,Iran,DF,Padideh,1991-05-11,27,11,1
2018,Saman Ghoddos,Iran,FW,Ostersund,1993-09-06,24,8,1
2018,Pejman Montazeri,Iran,DF,Esteghlal,1983-09-06,34,46,1
2018,Reza Ghoochannejhad,Iran,FW,Heerenveen,1987-09-20,30,43,17
2018,Mehdi Taremi,Iran,FW,Al-Gharafa,1992-07-18,25,26,11
2018,Alireza Jahanbakhsh,Iran,FW,AZ,1993-08-11,24,38,4
2018,Majid Hosseini,Iran,DF,Esteghlal,1996-06-20,21,1,0
2018,Sardar Azmoun,Iran,FW,Rubin Kazan,1995-01-01,23,33,23
2018,Ashkan Dejagah,Iran,FW,Nottingham Forest,1986-07-05,31,46,9
2018,Amir Abedzadeh,Iran,GK,Maritimo,1993-04-26,25,1,0
2018,Ramin Rezaeian,Iran,DF,Oostende,1990-03-21,28,28,2
2018,Yassine Bounou,Morocco,GK,Girona,1991-04-05,27,11,0
2018,Achraf Hakimi,Morocco,DF,Real Madrid,1998-11-04,19,10,1
2018,Hamza Mendyl,Morocco,DF,Lille,1997-10-21,20,13,0
2018,Manuel da Costa (footballer),Morocco,DF,Istanbul Basaksehir,1986-05-06,32,28,1
2018,Medhi Benatia,Morocco,DF,Juventus,1987-04-17,31,57,2
2018,Romain Saiss,Morocco,DF,Wolverhampton Wanderers,1990-03-26,28,24,1
2018,Hakim Ziyech,Morocco,MF,Ajax,1993-03-19,25,18,9
2018,Karim El Ahmadi,Morocco,MF,Feyenoord,1985-01-27,33,51,1
2018,Ayoub El Kaabi,Morocco,FW,RS Berkane,1993-06-25,24,10,11
2018,Younes Belhanda,Morocco,MF,Galatasaray,1990-02-25,28,47,5
2018,Faycal Fajr,Morocco,MF,Getafe,1988-08-01,29,23,2
2018,Munir Mohand Mohamedi,Morocco,GK,Numancia,1989-05-10,29,27,0
2018,Khalid Boutaib,Morocco,FW,Yeni Malatyaspor,1987-04-24,31,18,7
2018,Mbark Boussoufa,Morocco,MF,Al-Jazira,1984-08-15,33,59,7
2018,Youssef Ait Bennasser,Morocco,MF,Caen,1996-07-07,21,14,0
2018,Nordin Amrabat,Morocco,MF,Leganes,1987-03-31,31,44,4
2018,Nabil Dirar,Morocco,DF,Fenerbahce,1986-02-25,32,34,3
2018,Amine Harit,Morocco,MF,Schalke 04,1997-06-18,20,6,0
2018,Youssef En-Nesyri,Morocco,FW,Malaga,1997-06-01,21,16,2
2018,Aziz Bouhaddouz,Morocco,FW,FC St. Pauli,1987-03-30,31,15,3
2018,Sofyan Amrabat,Morocco,MF,Feyenoord,1996-08-21,21,6,0
2018,Ahmed Reda Tagnaouti,Morocco,GK,IR Tanger,1996-04-05,22,2,0
2018,Mehdi Carcela,Morocco,MF,Standard Liege,1989-07-01,28,20,1
2018,Rui Patricio,Portugal,GK,Sporting CP,1988-02-15,30,69,0
2018,Bruno Alves,Portugal,DF,Rangers,1981-11-27,36,96,11
2018,Pepe (footballer,Portugal,DF,Besiktas,1983-02-26,35,95,5
2018,Manuel Fernandes (footballer,Portugal,MF,Lokomotiv Moscow,1986-02-05,32,14,3
2018,Raphael Guerreiro,Portugal,DF,Borussia Dortmund,1993-12-22,24,24,2
2018,Jose Fonte,Portugal,DF,Dalian Yifang,1983-12-22,34,31,0
2018,Cristiano Ronaldo,Portugal,FW,Real Madrid,1985-02-05,33,150,81
2018,Joao Moutinho,Portugal,MF,Monaco,1986-09-08,31,110,7
2018,Andre Silva (footballer,Portugal,FW,Milan,1995-11-06,22,23,12
2018,Joao Mario (Portuguese footballer),Portugal,MF,West Ham United,1993-01-19,25,36,2
2018,Bernardo Silva,Portugal,MF,Manchester City,1994-08-10,23,25,2
2018,Anthony Lopes,Portugal,GK,Lyon,1990-10-01,27,7,0
2018,Ruben Dias,Portugal,DF,Benfica,1997-05-14,21,1,0
2018,William Carvalho,Portugal,MF,Sporting CP,1992-04-07,26,43,2
2018,Ricardo Pereira (footballer),Portugal,DF,Porto,1993-10-06,24,4,0
2018,Bruno Fernandes (footballer,Portugal,MF,Sporting CP,1994-09-08,23,6,1
2018,Goncalo Guedes,Portugal,FW,Valencia,1996-11-29,21,10,3
2018,Gelson Martins,Portugal,FW,Sporting CP,1995-05-11,23,18,0
2018,Mario Rui,Portugal,DF,Napoli,1991-05-27,27,4,0
2018,Ricardo Quaresma,Portugal,FW,Besiktas,1983-09-26,34,77,9
2018,Cedric Soares,Portugal,DF,Southampton,1991-08-31,26,29,1
2018,Beto (footballer,Portugal,GK,Goztepe,1982-05-01,36,14,0
2018,Adrien Silva,Portugal,MF,Leicester City,1989-03-15,29,23,1
2018,David de Gea,Spain,GK,Manchester United,1990-11-07,27,29,0
2018,Dani Carvajal,Spain,DF,Real Madrid,1992-01-11,26,15,0
2018,Gerard Pique,Spain,DF,Barcelona,1987-02-02,31,98,5
2018,Nacho (footballer,Spain,DF,Real Madrid,1990-01-18,28,17,0
2018,Sergio Busquets,Spain,MF,Barcelona,1988-07-16,29,103,2
2018,Andres Iniesta,Spain,MF,Barcelona,1984-05-11,34,127,14
2018,Saul Niguez,Spain,MF,Atletico Madrid,1994-11-21,23,10,0
2018,Koke (footballer,Spain,MF,Atletico Madrid,1992-01-08,26,40,0
2018,Rodrigo (footballer,Spain,FW,Valencia,1991-03-06,27,6,2
2018,Thiago Alcantara,Spain,MF,Bayern Munich,1991-04-11,27,29,2
2018,Lucas Vazquez,Spain,FW,Real Madrid,1991-07-01,26,7,0
2018,Alvaro Odriozola,Spain,DF,Real Sociedad,1995-12-14,22,4,1
2018,Kepa Arrizabalaga,Spain,GK,Athletic Bilbao,1994-10-03,23,1,0
2018,Cesar Azpilicueta,Spain,DF,Chelsea,1989-08-28,28,22,0
2018,Sergio Ramos,Spain,DF,Real Madrid,1986-03-30,32,152,13
2018,Nacho Monreal,Spain,DF,Arsenal,1986-02-26,32,22,1
2018,Iago Aspas,Spain,FW,Celta Vigo,1987-08-01,30,10,5
2018,Jordi Alba,Spain,DF,Barcelona,1989-03-21,29,62,8
2018,Diego Costa,Spain,FW,Atletico Madrid,1988-10-07,29,20,7
2018,Marco Asensio,Spain,MF,Real Madrid,1996-01-21,22,12,0
2018,David Silva,Spain,FW,Manchester City,1986-01-08,32,121,35
2018,Isco,Spain,MF,Real Madrid,1992-04-21,26,28,10
2018,Pepe Reina,Spain,GK,Napoli,1982-08-31,35,36,0
2018,Mathew Ryan,Australia,GK,Brighton & Hove Albion,1992-04-08,26,44,0
2018,Milos Degenek,Australia,DF,Yokohama F. Marinos,1994-04-28,24,18,0
2018,James Meredith (footballer),Australia,DF,Millwall,1988-04-05,30,2,0
2018,Tim Cahill,Australia,FW,Millwall,1979-12-06,38,106,50
2018,Mark Milligan,Australia,DF,Al-Ahli,1985-08-04,32,71,6
2018,Matthew Jurman,Australia,DF,Suwon Samsung Bluewings,1989-12-08,28,4,0
2018,Mathew Leckie,Australia,FW,Hertha BSC,1991-02-04,27,53,8
2018,Massimo Luongo,Australia,MF,Queens Park Rangers,1992-09-25,25,36,5
2018,Tomi Juric,Australia,FW,Luzern,1991-07-22,26,35,8
2018,Robbie Kruse,Australia,FW,VfL Bochum,1988-10-05,29,64,5
2018,Andrew Nabbout,Australia,FW,Urawa Red Diamonds,1992-12-17,25,4,1
2018,Brad Jones (footballer),Australia,GK,Feyenoord,1982-03-19,36,6,0
2018,Aaron Mooy,Australia,MF,Huddersfield Town,1990-09-15,27,34,5
2018,Jamie Maclaren,Australia,FW,Hibernian,1993-07-29,24,6,0
2018,Mile Jedinak,Australia,MF,Aston Villa,1984-08-03,33,76,18
2018,Aziz Behich,Australia,DF,Bursaspor,1990-12-16,27,23,2
2018,Daniel Arzani,Australia,FW,Melbourne City,1999-01-04,19,2,1
2018,Danny Vukovic,Australia,GK,Genk,1985-03-27,33,1,0
2018,Josh Risdon,Australia,DF,Western Sydney Wanderers,1992-07-27,25,8,0
2018,Trent Sainsbury,Australia,DF,Grasshoppers,1992-01-05,26,35,3
2018,Dimitri Petratos,Australia,FW,Newcastle Jets,1992-11-10,25,2,0
2018,Jackson Irvine,Australia,MF,Hull City,1993-03-07,25,19,2
2018,Tom Rogic,Australia,MF,Celtic,1992-12-16,25,37,7
2018,Kasper Schmeichel,Denmark,GK,Leicester City,1986-11-05,31,35,0
2018,Michael Krohn-Dehli,Denmark,MF,Deportivo La Coruna,1983-06-06,35,59,6
2018,Jannik Vestergaard,Denmark,DF,Borussia Monchengladbach,1992-08-03,25,16,1
2018,Simon Kjær,Denmark,DF,Sevilla,1989-03-26,29,78,3
2018,Jonas Knudsen,Denmark,DF,Ipswich Town,1992-09-16,25,3,0
2018,Andreas Christensen,Denmark,DF,Chelsea,1996-04-10,22,16,1
2018,William Kvist,Denmark,MF,Copenhagen,1985-02-24,33,80,2
2018,Thomas Delaney,Denmark,MF,Werder Bremen,1991-09-03,26,27,4
2018,Nicolai Jørgensen,Denmark,FW,Feyenoord,1991-01-15,27,31,8
2018,Christian Eriksen,Denmark,MF,Tottenham Hotspur,1992-02-14,26,78,22
2018,Martin Braithwaite,Denmark,FW,Bordeaux,1991-06-05,27,20,1
2018,Kasper Dolberg,Denmark,FW,Ajax,1997-10-06,20,6,1
2018,Mathias Jørgensen,Denmark,DF,Huddersfield Town,1990-04-23,28,12,0
2018,Henrik Dalsgaard,Denmark,DF,Brentford,1989-07-27,28,11,0
2018,Viktor Fischer,Denmark,FW,Copenhagen,1994-06-09,24,19,3
2018,Jonas Lossl,Denmark,GK,Huddersfield Town,1989-02-01,29,1,0
2018,Jens Stryger Larsen,Denmark,DF,Udinese,1991-02-21,27,13,1
2018,Lukas Lerager,Denmark,MF,Bordeaux,1993-07-12,24,4,0
2018,Lasse Schone,Denmark,MF,Ajax,1986-05-27,32,36,3
2018,Yussuf Poulsen,Denmark,FW,RB Leipzig,1994-06-15,23,28,4
2018,Andreas Cornelius,Denmark,FW,Atalanta,1993-03-16,25,18,4
2018,Frederik Rønnow,Denmark,GK,Brøndby,1992-08-04,25,6,0
2018,Pione Sisto,Denmark,FW,Celta Vigo,1995-02-04,23,14,1
2018,Hugo Lloris,France,GK,Tottenham Hotspur,1986-12-26,31,98,0
2018,Benjamin Pavard,France,DF,VfB Stuttgart,1996-03-28,22,6,0
2018,Presnel Kimpembe,France,DF,Paris Saint-Germain,1995-08-13,22,2,0
2018,Raphael Varane,France,DF,Real Madrid,1993-04-25,25,42,2
2018,Samuel Umtiti,France,DF,Barcelona,1993-11-14,24,19,2
2018,Paul Pogba,France,MF,Manchester United,1993-03-15,25,54,9
2018,Antoine Griezmann,France,FW,Atletico Madrid,1991-03-21,27,54,20
2018,Thomas Lemar,France,FW,Monaco,1995-11-12,22,12,3
2018,Olivier Giroud,France,FW,Chelsea,1986-09-30,31,74,31
2018,Kylian Mbappe,France,FW,Paris Saint-Germain,1998-12-20,19,15,4
2018,Ousmane Dembele,France,FW,Barcelona,1997-05-15,21,12,2
2018,Corentin Tolisso,France,MF,Bayern Munich,1994-08-03,23,9,0
2018,N'Golo Kante,France,MF,Chelsea,1991-03-29,27,24,1
2018,Blaise Matuidi,France,MF,Juventus,1987-04-09,31,67,9
2018,Steven Nzonzi,France,MF,Sevilla,1988-12-15,29,4,0
2018,Steve Mandanda,France,GK,Marseille,1985-03-28,33,27,0
2018,Adil Rami,France,DF,Marseille,1985-12-27,32,35,1
2018,Nabil Fekir,France,FW,Lyon,1993-07-18,24,12,2
2018,Djibril Sidibe (footballer,France,DF,Monaco,1992-07-29,25,17,1
2018,Florian Thauvin,France,FW,Marseille,1993-01-26,25,4,0
2018,Lucas Hernandez,France,DF,Atletico Madrid,1996-02-14,22,5,0
2018,Benjamin Mendy,France,DF,Manchester City,1994-07-17,23,7,0
2018,Alphonse Areola,France,GK,Paris Saint-Germain,1993-02-27,25,0,0
2018,Pedro Gallese,Peru,GK,Veracruz,1990-02-23,28,38,0
2018,Alberto Junior Rodriguez,Peru,DF,Atletico Junior,1984-03-31,34,59,0
2018,Aldo Corzo,Peru,DF,Universitario,1989-05-20,29,25,0
2018,Anderson Santamaria,Peru,DF,Puebla,1992-01-10,26,4,0
2018,Miguel Araujo,Peru,DF,Alianza Lima,1994-10-24,23,7,0
2018,Miguel Trauco,Peru,DF,Flamengo,1992-08-25,25,27,0
2018,Paolo Hurtado,Peru,MF,Vitoria de Guimaraes,1990-07-27,27,31,3
2018,Christian Cueva,Peru,MF,Sao Paulo,1991-11-23,26,44,8
2018,Paolo Guerrero,Peru,FW,Flamengo,1984-01-01,34,88,34
2018,Jefferson Farfan,Peru,FW,Lokomotiv Moscow,1984-10-26,33,84,25
2018,Raul Ruidiaz,Peru,FW,Morelia,1990-07-25,27,30,4
2018,Carlos Caceda,Peru,GK,Deportivo Municipal,1991-09-27,26,4,0
2018,Renato Tapia,Peru,MF,Feyenoord,1995-07-28,22,23,1
2018,Andy Polo,Peru,MF,Portland Timbers,1994-09-29,23,17,1
2018,Christian Ramos,Peru,DF,Veracruz,1988-11-04,29,66,3
2018,Wilder Cartagena,Peru,MF,Veracruz,1994-09-23,23,3,0
2018,Luis Advincula,Peru,DF,Lobos BUAP,1990-03-02,28,65,0
2018,Andre Carrillo,Peru,FW,Watford,1991-06-14,27,45,5
2018,Yoshimar Yotun,Peru,MF,Orlando City,1990-04-07,28,73,2
2018,Edison Flores,Peru,FW,AaB,1994-05-14,24,29,9
2018,Jose Carvallo,Peru,GK,UTC,1986-03-01,32,6,0
2018,Nilson Loyola,Peru,DF,Melgar,1994-10-26,23,3,0
2018,Pedro Aquino,Peru,MF,Lobos BUAP,1995-04-13,23,13,0
2018,Nahuel Guzman,Argentina,GK,UANL,1986-02-10,32,6,0
2018,Gabriel Mercado,Argentina,DF,Sevilla,1987-03-18,31,20,3
2018,Nicolas Tagliafico,Argentina,DF,Ajax,1992-08-31,25,4,0
2018,Cristian Ansaldi,Argentina,DF,Torino,1986-09-20,31,5,0
2018,Lucas Biglia,Argentina,MF,Milan,1986-01-30,32,57,1
2018,Federico Fazio,Argentina,DF,Roma,1987-03-17,31,9,1
2018,Ever Banega,Argentina,MF,Sevilla,1988-06-29,29,62,6
2018,Marcos Acuna,Argentina,DF,Sporting CP,1991-10-28,26,10,0
2018,Gonzalo Higuain,Argentina,FW,Juventus,1987-12-10,30,71,31
2018,Lionel Messi,Argentina,FW,Barcelona,1987-06-24,30,124,64
2018,Angel Di Maria,Argentina,MF,Paris Saint-Germain,1988-02-14,30,94,19
2018,Franco Armani,Argentina,GK,River Plate,1986-10-16,31,0,0
2018,Maximiliano Meza,Argentina,MF,Independiente,1992-12-15,25,2,0
2018,Javier Mascherano,Argentina,DF,Hebei China Fortune,1984-06-08,34,143,3
2018,Enzo Perez,Argentina,MF,River Plate,1986-02-22,32,23,1
2018,Marcos Rojo,Argentina,DF,Manchester United,1990-03-20,28,56,2
2018,Nicolas Otamendi,Argentina,DF,Manchester City,1988-02-12,30,54,4
2018,Eduardo Salvio,Argentina,DF,Benfica,1990-07-13,27,9,0
2018,Sergio Aguero,Argentina,FW,Manchester City,1988-06-02,30,85,37
2018,Giovani Lo Celso,Argentina,MF,Paris Saint-Germain,1996-04-09,22,5,0
2018,Paulo Dybala,Argentina,FW,Juventus,1993-11-15,24,12,0
2018,Cristian Pavon,Argentina,MF,Boca Juniors,1996-01-21,22,5,0
2018,Willy Caballero,Argentina,GK,Chelsea,1981-09-28,36,3,0
2018,Dominik Livakovic,Croatia,GK,Dinamo Zagreb,1995-01-09,23,1,0
2018,Sime Vrsaljko,Croatia,DF,Atletico Madrid,1992-01-10,26,35,0
2018,Ivan Strinic,Croatia,DF,Sampdoria,1987-07-17,30,43,0
2018,Ivan Perisic,Croatia,FW,Inter Milan,1989-02-02,29,66,18
2018,Vedran Corluka,Croatia,DF,Lokomotiv Moscow,1986-02-05,32,99,4
2018,Dejan Lovren,Croatia,DF,Liverpool,1989-07-05,28,39,2
2018,Ivan Rakitic,Croatia,MF,Barcelona,1988-03-10,30,92,14
2018,Mateo Kovacic,Croatia,MF,Real Madrid,1994-05-06,24,41,1
2018,Andrej Kramaric,Croatia,FW,1899 Hoffenheim,1991-06-19,26,31,9
2018,Luka Modric,Croatia,MF,Real Madrid,1985-09-09,32,106,12
2018,Marcelo Brozovic,Croatia,MF,Inter Milan,1992-11-16,25,35,6
2018,Lovre Kalinic,Croatia,GK,Gent,1990-04-03,28,11,0
2018,Tin Jedvaj,Croatia,DF,Bayer Leverkusen,1995-11-28,22,12,0
2018,Filip Bradaric,Croatia,MF,Rijeka,1992-01-11,26,4,0
2018,Duje Caleta-Car,Croatia,DF,Red Bull Salzburg,1996-09-17,21,1,0
2018,Nikola Kalinic,Croatia,FW,Milan,1988-01-05,30,42,15
2018,Mario Mandzukic,Croatia,FW,Juventus,1986-05-21,32,83,30
2018,Ante Rebic,Croatia,FW,Eintracht Frankfurt,1993-09-21,24,16,1
2018,Milan Badelj,Croatia,MF,Fiorentina,1989-02-25,29,38,1
2018,Marko Pjaca,Croatia,FW,Schalke 04,1995-05-06,23,16,1
2018,Domagoj Vida,Croatia,DF,Besiktas,1989-04-29,29,59,2
2018,Josip Pivaric,Croatia,DF,Dynamo Kyiv,1989-01-30,29,19,0
2018,Danijel Subasic,Croatia,GK,Monaco,1984-10-27,33,38,0
2018,Hannes Þor Halldorsson,Iceland,GK,Randers,1984-04-27,34,49,0
2018,Birkir Mar Sævarsson,Iceland,DF,Valur,1984-11-11,33,79,1
2018,Samuel Friðjonsson,Iceland,MF,Valerenga,1996-02-22,22,4,0
2018,Albert Guðmundsson (footballer,Iceland,MF,PSV Eindhoven,1997-06-15,20,5,3
2018,Sverrir Ingi Ingason,Iceland,DF,Rostov,1993-08-05,24,20,3
2018,Ragnar Sigurðsson,Iceland,DF,Rostov,1986-06-19,31,77,3
2018,Johann Berg Guðmundsson,Iceland,MF,Burnley,1990-10-27,27,67,7
2018,Birkir Bjarnason,Iceland,MF,Aston Villa,1988-05-27,30,67,9
2018,Bjorn Bergmann Sigurðarson,Iceland,FW,Rostov,1991-02-26,27,12,1
2018,Gylfi Sigurðsson,Iceland,MF,Everton,1989-09-08,28,57,19
2018,Alfreð Finnbogason,Iceland,FW,FC Augsburg,1989-02-01,29,47,13
2018,Frederik Schram,Iceland,GK,Roskilde,1995-01-19,23,4,0
2018,Runar Alex Runarsson,Iceland,GK,Nordsjælland,1995-02-18,23,3,0
2018,Kari Arnason,Iceland,DF,Aberdeen,1982-10-13,35,67,5
2018,Holmar Orn Eyjolfsson,Iceland,DF,Levski Sofia,1990-08-06,27,10,1
2018,Olafur Ingi Skulason,Iceland,MF,Kardemir Karabukspor,1983-04-01,35,36,1
2018,Aron Gunnarsson,Iceland,MF,Cardiff City,1989-04-22,29,77,2
2018,Horður Bjorgvin Magnusson,Iceland,DF,Bristol City,1993-02-11,25,16,2
2018,Rurik Gislason,Iceland,MF,SV Sandhausen,1988-02-25,30,47,3
2018,Emil Hallfreðsson,Iceland,MF,Udinese,1984-06-29,33,64,1
2018,Arnor Ingvi Traustason,Iceland,MF,Malmo,1993-04-30,25,19,5
2018,Jon Daði Boðvarsson,Iceland,FW,Reading,1992-05-25,26,38,2
2018,Ari Freyr Skulason,Iceland,DF,Lokeren,1987-05-14,31,56,0
2018,Ikechukwu Ezenwa,Nigeria,GK,Enyimba,1988-10-16,29,24,0
2018,Brian Idowu,Nigeria,DF,Amkar Perm,1992-05-18,26,5,1
2018,Elderson Echiejile,Nigeria,DF,Cercle Brugge,1988-01-20,30,62,3
2018,Wilfred Ndidi,Nigeria,MF,Leicester City,1996-12-16,21,17,0
2018,William Troost-Ekong,Nigeria,DF,Bursaspor,1993-09-01,24,22,1
2018,Leon Balogun,Nigeria,DF,Mainz 05,1988-06-28,29,19,0
2018,Ahmed Musa,Nigeria,FW,CSKA Moscow,1992-10-14,25,72,13
2018,Oghenekaro Etebo,Nigeria,MF,Las Palmas,1995-11-09,22,14,1
2018,Odion Ighalo,Nigeria,FW,Changchun Yatai,1989-06-16,28,19,4
2018,John Obi Mikel,Nigeria,MF,Tianjin TEDA,1987-04-22,31,85,6
2018,Victor Moses,Nigeria,FW,Chelsea,1990-12-12,27,34,11
2018,Shehu Abdullahi,Nigeria,DF,Bursaspor,1993-03-12,25,25,0
2018,Simeon Nwankwo,Nigeria,FW,Crotone,1992-05-07,26,2,0
2018,Kelechi Iheanacho,Nigeria,FW,Leicester City,1996-03-10,22,18,8
2018,Joel Obi,Nigeria,MF,Torino,1991-05-22,27,17,0
2018,Daniel Akpeyi,Nigeria,GK,Chippa United,1986-03-08,32,7,0
2018,Ogenyi Onazi,Nigeria,MF,Trabzonspor,1992-12-25,25,52,1
2018,Alex Iwobi,Nigeria,FW,Arsenal,1996-05-03,22,19,5
2018,John Ogu,Nigeria,MF,Hapoel Be'er Sheva,1988-04-20,30,20,2
2018,Chidozie Awaziem,Nigeria,DF,Nantes,1997-01-01,21,4,0
2018,Tyronne Ebuehi,Nigeria,DF,ADO Den Haag,1995-12-16,22,7,0
2018,Kenneth Omeruo,Nigeria,DF,KasImpasa,1993-10-17,24,39,0
2018,Francis Uzoho,Nigeria,GK,Deportivo La Coruna,1998-10-28,19,6,0
2018,Alisson (footballer,Brazil,GK,Roma,1992-10-02,25,26,0
2018,Thiago Silva,Brazil,DF,Paris Saint-Germain,1984-09-22,33,71,5
2018,Miranda (footballer),Brazil,DF,Inter Milan,1984-09-07,33,47,2
2018,Pedro Geromel,Brazil,DF,Gremio,1985-09-21,32,2,0
2018,Casemiro,Brazil,MF,Real Madrid,1992-02-23,26,24,0
2018,Filipe Luis,Brazil,DF,Atletico Madrid,1985-08-09,32,33,2
2018,Douglas Costa,Brazil,FW,Juventus,1990-09-14,27,25,3
2018,Renato Augusto,Brazil,MF,Beijing Sinobo Guoan,1988-02-08,30,28,5
2018,Gabriel Jesus,Brazil,FW,Manchester City,1997-04-03,21,17,10
2018,Neymar,Brazil,FW,Paris Saint-Germain,1992-02-05,26,85,55
2018,Philippe Coutinho,Brazil,MF,Barcelona,1992-06-12,26,37,10
2018,Marcelo (footballer,Brazil,DF,Real Madrid,1988-05-12,30,54,6
2018,Marquinhos,Brazil,DF,Paris Saint-Germain,1994-05-14,24,26,0
2018,Danilo (footballer,Brazil,DF,Manchester City,1991-07-15,26,18,0
2018,Paulinho (footballer),Brazil,MF,Barcelona,1988-07-25,29,50,12
2018,Cassio Ramos,Brazil,GK,Corinthians,1987-06-06,31,1,0
2018,Fernandinho (footballer),Brazil,MF,Manchester City,1985-05-04,33,44,2
2018,Fred (footballer,Brazil,MF,Shakhtar Donetsk,1993-03-05,25,8,0
2018,Willian (footballer,Brazil,MF,Chelsea,1988-08-09,29,57,8
2018,Roberto Firmino,Brazil,FW,Liverpool,1991-10-02,26,21,6
2018,Taison,Brazil,FW,Shakhtar Donetsk,1988-01-13,30,8,1
2018,Fagner Conserva Lemos,Brazil,DF,Corinthians,1989-06-11,29,4,0
2018,Ederson Moraes,Brazil,GK,Manchester City,1993-08-17,24,1,0
2018,Keylor Navas,Costa Rica,GK,Real Madrid,1986-12-15,31,81,0
2018,Johnny Acosta,Costa Rica,DF,Aguilas Doradas,1983-07-21,34,69,2
2018,Giancarlo Gonzalez,Costa Rica,DF,Bologna,1988-02-08,30,70,2
2018,Ian Smith (footballer,Costa Rica,DF,Norrkoping,1998-03-06,20,4,0
2018,Celso Borges,Costa Rica,MF,Deportivo La Coruna,1988-05-27,30,113,21
2018,Oscar Duarte (Costa Rican footballer),Costa Rica,DF,Espanyol,1989-06-03,29,39,2
2018,Christian Bolanos,Costa Rica,MF,Saprissa,1984-05-17,34,81,6
2018,Bryan Oviedo,Costa Rica,DF,Sunderland,1990-02-18,28,44,1
2018,Daniel Colindres,Costa Rica,MF,Saprissa,1985-01-10,33,11,0
2018,Bryan Ruiz,Costa Rica,MF,Sporting CP,1985-08-18,32,110,24
2018,Johan Venegas,Costa Rica,FW,Saprissa,1988-11-27,29,47,10
2018,Joel Campbell,Costa Rica,FW,Real Betis,1992-06-26,25,77,15
2018,Rodney Wallace (footballer),Costa Rica,MF,New York City FC,1988-06-17,29,30,4
2018,Randall Azofeifa,Costa Rica,MF,Herediano,1984-12-30,33,58,3
2018,Francisco Calvo,Costa Rica,DF,Minnesota United,1992-07-08,25,38,4
2018,Cristian Gamboa,Costa Rica,DF,Celtic,1989-10-24,28,68,3
2018,Yeltsin Tejeda,Costa Rica,MF,Lausanne,1992-03-17,26,51,0
2018,Patrick Pemberton,Costa Rica,GK,Alajuelense,1982-04-24,36,39,0
2018,Kendall Waston,Costa Rica,DF,Vancouver Whitecaps FC,1988-01-01,30,26,3
2018,David Guzman,Costa Rica,MF,Portland Timbers,1990-02-18,28,43,0
2018,Marco Urena,Costa Rica,FW,Los Angeles FC,1990-03-05,28,64,15
2018,Kenner Gutierrez,Costa Rica,DF,Alajuelense,1989-06-09,29,9,0
2018,Leonel Moreira,Costa Rica,GK,Herediano,1990-04-02,28,9,0
2018,Vladimir Stojkovic,Serbia,GK,Partizan,1983-07-28,34,81,0
2018,Antonio Rukavina,Serbia,DF,Villarreal,1984-01-26,34,47,0
2018,Dusko Tosic,Serbia,DF,Besiktas,1985-01-19,33,24,1
2018,Luka Milivojevic,Serbia,MF,Crystal Palace,1991-04-07,27,28,1
2018,Uros Spajic,Serbia,DF,Anderlecht,1993-02-13,25,5,0
2018,Branislav Ivanovic,Serbia,DF,Zenit Saint Petersburg,1984-02-22,34,103,13
2018,Andrija Zivkovic,Serbia,MF,Benfica,1996-07-11,21,10,0
2018,Aleksandar Prijovic,Serbia,FW,PAOK,1990-04-21,28,9,1
2018,Aleksandar Mitrovic (footballer),Serbia,FW,Fulham,1994-09-16,23,37,16
2018,Dusan Tadic,Serbia,MF,Southampton,1988-11-20,29,53,13
2018,Aleksandar Kolarov,Serbia,DF,Roma,1985-11-10,32,76,10
2018,Predrag Rajkovic,Serbia,GK,Maccabi Tel Aviv,1995-10-31,22,8,0
2018,Milos Veljkovic,Serbia,DF,Werder Bremen,1995-09-26,22,2,0
2018,Milan Rodic,Serbia,DF,Red Star Belgrade,1991-04-02,27,1,0
2018,Nikola Milenkovic,Serbia,DF,Fiorentina,1997-10-12,20,3,0
2018,Marko Grujic,Serbia,MF,Cardiff City,1996-04-13,22,8,0
2018,Filip Kostic,Serbia,MF,Hamburger SV,1992-11-01,25,23,2
2018,Nemanja Radonjic,Serbia,FW,Red Star Belgrade,1996-02-15,22,3,0
2018,Luka Jovic,Serbia,FW,Eintracht Frankfurt,1997-12-23,20,1,0
2018,Sergej Milinkovic-Savic,Serbia,MF,Lazio,1995-02-27,23,4,0
2018,Nemanja Matic,Serbia,MF,Manchester United,1988-08-01,29,40,2
2018,Adem Ljajic,Serbia,MF,Torino,1991-09-29,26,29,6
2018,Marko Dmitrovic,Serbia,GK,Eibar,1992-01-24,26,2,0
2018,Yann Sommer,Switzerland,GK,Borussia Monchengladbach,1988-12-17,29,35,0
2018,Stephan Lichtsteiner,Switzerland,DF,Juventus,1984-01-16,34,100,8
2018,Francois Moubandje,Switzerland,DF,Toulouse,1990-06-21,27,18,0
2018,Nico Elvedi,Switzerland,DF,Borussia Monchengladbach,1996-09-30,21,6,0
2018,Manuel Akanji,Switzerland,DF,Borussia Dortmund,1995-07-19,22,7,0
2018,Michael Lang (footballer),Switzerland,DF,Basel,1991-02-08,27,24,2
2018,Breel Embolo,Switzerland,FW,Schalke 04,1997-02-14,21,25,3
2018,Remo Freuler,Switzerland,MF,Atalanta,1992-04-15,26,10,0
2018,Haris Seferovic,Switzerland,FW,Benfica,1992-02-22,26,51,12
2018,Granit Xhaka,Switzerland,MF,Arsenal,1992-09-27,25,62,9
2018,Valon Behrami,Switzerland,MF,Udinese,1985-04-19,33,79,2
2018,Yvon Mvogo,Switzerland,GK,RB Leipzig,1994-06-06,24,0,0
2018,Ricardo Rodriguez (footballer),Switzerland,DF,Milan,1992-08-25,25,53,5
2018,Steven Zuber,Switzerland,MF,1899 Hoffenheim,1991-08-17,26,12,3
2018,Blerim Dzemaili,Switzerland,MF,Bologna,1986-04-12,32,65,9
2018,Gelson Fernandes,Switzerland,MF,Eintracht Frankfurt,1986-09-02,31,67,2
2018,Denis Zakaria,Switzerland,MF,Borussia Monchengladbach,1996-11-20,21,10,0
2018,Mario Gavranovic,Switzerland,FW,Dinamo Zagreb,1989-11-24,28,14,5
2018,Josip Drmic,Switzerland,FW,Borussia Monchengladbach,1992-08-08,25,29,9
2018,Johan Djourou,Switzerland,DF,Antalyaspor,1987-01-18,31,74,2
2018,Roman Burki,Switzerland,GK,Borussia Dortmund,1990-11-14,27,9,0
2018,Fabian Schar,Switzerland,DF,Deportivo La Coruna,1991-12-20,26,39,7
2018,Xherdan Shaqiri,Switzerland,MF,Stoke City,1991-10-10,26,70,20
2018,Manuel Neuer,Germany,GK,Bayern Munich,1986-03-27,32,76,0
2018,Marvin Plattenhardt,Germany,DF,Hertha BSC,1992-01-26,26,6,0
2018,Jonas Hector,Germany,DF,1. FC Koln,1990-05-27,28,38,3
2018,Matthias Ginter,Germany,DF,Borussia Monchengladbach,1994-01-19,24,18,0
2018,Mats Hummels,Germany,DF,Bayern Munich,1988-12-16,29,64,5
2018,Sami Khedira,Germany,MF,Juventus,1987-04-04,31,75,7
2018,Julian Draxler,Germany,MF,Paris Saint-Germain,1993-09-20,24,44,6
2018,Toni Kroos,Germany,MF,Real Madrid,1990-01-04,28,83,12
2018,Timo Werner,Germany,FW,RB Leipzig,1996-03-06,22,14,8
2018,Mesut Ozil,Germany,MF,Arsenal,1988-10-15,29,90,23
2018,Marco Reus,Germany,FW,Borussia Dortmund,1989-05-31,29,31,9
2018,Kevin Trapp,Germany,GK,Paris Saint-Germain,1990-07-08,27,3,0
2018,Thomas Muller,Germany,MF,Bayern Munich,1989-09-13,28,91,38
2018,Leon Goretzka,Germany,MF,Schalke 04,1995-02-06,23,15,6
2018,Niklas Sule,Germany,DF,Bayern Munich,1995-09-03,22,11,0
2018,Antonio Rudiger,Germany,DF,Chelsea,1993-03-03,25,24,1
2018,Jerome Boateng,Germany,DF,Bayern Munich,1988-09-03,29,71,1
2018,Joshua Kimmich,Germany,DF,Bayern Munich,1995-02-08,23,29,3
2018,Sebastian Rudy,Germany,MF,Bayern Munich,1990-02-28,28,25,1
2018,Julian Brandt,Germany,MF,Bayer Leverkusen,1996-05-02,22,16,1
2018,Ilkay Gundogan,Germany,MF,Manchester City,1990-10-24,27,26,4
2018,Marc-Andre ter Stegen,Germany,GK,Barcelona,1992-04-30,26,20,0
2018,Mario Gomez,Germany,FW,VfB Stuttgart,1985-07-10,32,75,31
2018,Jose de Jesus Corona,Mexico,GK,Cruz Azul,1981-01-26,37,52,0
2018,Hugo Ayala,Mexico,DF,UANL,1987-03-31,31,43,1
2018,Carlos Salcedo,Mexico,DF,Eintracht Frankfurt,1993-09-29,24,21,0
2018,Rafael Marquez,Mexico,DF,Atlas,1979-02-13,39,145,18
2018,Erick Gutierrez,Mexico,MF,Pachuca,1995-06-15,22,9,0
2018,Jonathan dos Santos,Mexico,MF,LA Galaxy,1990-04-26,28,32,0
2018,Miguel Layun,Mexico,MF,Sevilla,1988-06-25,29,64,6
2018,Marco Fabian,Mexico,FW,Eintracht Frankfurt,1989-07-21,28,39,9
2018,Raul Jimenez,Mexico,FW,Benfica,1991-05-05,27,63,13
2018,Giovani dos Santos,Mexico,MF,LA Galaxy,1989-05-11,29,105,19
2018,Carlos Vela,Mexico,FW,Los Angeles FC,1989-03-01,29,68,18
2018,Alfredo Talavera,Mexico,GK,Toluca,1982-09-18,35,27,0
2018,Guillermo Ochoa,Mexico,GK,Standard Liege,1985-07-13,32,94,0
2018,Javier Hernandez,Mexico,FW,West Ham United,1988-06-01,30,102,49
2018,Hector Moreno,Mexico,DF,Real Sociedad,1988-01-17,30,92,3
2018,Hector Herrera,Mexico,DF,Porto,1990-04-19,28,66,5
2018,Jesus Manuel Corona,Mexico,MF,Porto,1993-01-06,25,36,7
2018,Andres Guardado,Mexico,MF,Real Betis,1986-09-28,31,145,25
2018,Oribe Peralta,Mexico,FW,America,1984-01-12,34,67,26
2018,Javier Aquino,Mexico,MF,UANL,1990-02-11,28,53,0
2018,Edson Alvarez,Mexico,DF,America,1997-10-24,20,13,1
2018,Hirving Lozano,Mexico,FW,PSV Eindhoven,1995-07-30,22,28,7
2018,Jesus Gallardo,Mexico,MF,UNAM,1994-08-15,23,23,0
2018,Kim Seung-gyu,South Korea,GK,Vissel Kobe,1990-09-30,27,33,0
2018,Lee Yong (footballer,South Korea,DF,Jeonbuk Hyundai Motors,1986-12-24,31,28,0
2018,Jung Seung-hyun,South Korea,DF,Sagan Tosu,1994-04-03,24,6,0
2018,Oh Ban-suk,South Korea,DF,Jeju United,1988-05-20,30,2,0
2018,Yun Young-sun,South Korea,DF,Seongnam FC,1988-10-04,29,6,0
2018,Park Joo-ho,South Korea,DF,Ulsan Hyundai,1987-01-16,31,36,0
2018,Son Heung-min,South Korea,FW,Tottenham Hotspur,1992-07-08,25,67,21
2018,Ju Se-jong,South Korea,MF,Asan Mugunghwa,1990-10-30,27,11,1
2018,Kim Shin-wook,South Korea,FW,Jeonbuk Hyundai Motors,1988-04-14,30,50,10
2018,Lee Seung-woo,South Korea,MF,Hellas Verona,1998-01-06,20,4,0
2018,Hwang Hee-chan,South Korea,FW,Red Bull Salzburg,1996-01-26,22,14,2
2018,Kim Min-woo (footballer),South Korea,DF,Sangju Sangmu,1990-02-25,28,20,1
2018,Koo Ja-cheol,South Korea,MF,FC Augsburg,1989-02-27,29,68,19
2018,Hong Chul,South Korea,DF,Sangju Sangmu,1990-09-17,27,14,0
2018,Jung Woo-young,South Korea,MF,Vissel Kobe,1989-12-14,28,30,1
2018,Ki Sung-yueng,South Korea,MF,Swansea City,1989-01-24,29,102,10
2018,Lee Jae-sung (footballer,South Korea,MF,Jeonbuk Hyundai Motors,1992-08-10,25,35,6
2018,Moon Seon-min,South Korea,MF,Incheon United,1992-06-09,26,3,1
2018,Kim Young-gwon,South Korea,DF,Guangzhou Evergrande,1990-02-27,28,53,2
2018,Jang Hyun-soo,South Korea,DF,FC Tokyo,1991-09-28,26,51,3
2018,Kim Jin-hyeon,South Korea,GK,Cerezo Osaka,1987-07-06,30,15,0
2018,Go Yo-han,South Korea,DF,FC Seoul,1988-03-10,30,20,0
2018,Jo Hyeon-woo,South Korea,GK,Daegu FC,1991-09-25,26,6,0
2018,Robin Olsen,Sweden,GK,Copenhagen,1990-01-08,28,18,0
2018,Mikael Lustig,Sweden,DF,Celtic,1986-12-13,31,66,6
2018,Victor Lindelof,Sweden,DF,Manchester United,1994-07-17,23,21,1
2018,Andreas Granqvist,Sweden,DF,Krasnodar,1985-04-16,33,72,6
2018,Martin Olsson,Sweden,DF,Swansea City,1988-05-17,30,43,5
2018,Ludwig Augustinsson,Sweden,DF,Werder Bremen,1994-04-21,24,15,0
2018,Sebastian Larsson,Sweden,MF,Hull City,1985-06-06,33,100,6
2018,Albin Ekdal,Sweden,MF,Hamburger SV,1989-07-28,28,34,0
2018,Marcus Berg,Sweden,FW,Al Ain,1986-08-17,31,57,18
2018,Emil Forsberg,Sweden,MF,RB Leipzig,1991-10-23,26,36,6
2018,John Guidetti,Sweden,FW,Alaves,1992-04-15,26,20,1
2018,Karl-Johan Johnsson,Sweden,GK,Guingamp,1990-01-28,28,5,0
2018,Gustav Svensson,Sweden,MF,Seattle Sounders FC,1987-02-07,31,13,0
2018,Filip Helander,Sweden,DF,Bologna,1993-04-22,25,4,0
2018,Oscar Hiljemark,Sweden,MF,Genoa,1992-06-28,25,22,2
2018,Emil Krafth,Sweden,DF,Bologna,1994-08-02,23,13,0
2018,Viktor Claesson,Sweden,MF,Krasnodar,1992-01-02,26,22,3
2018,Pontus Jansson,Sweden,DF,Leeds United,1991-02-13,27,15,0
2018,Marcus Rohden,Sweden,MF,Crotone,1991-05-11,27,12,1
2018,Ola Toivonen,Sweden,FW,Toulouse,1986-07-03,31,59,13
2018,Jimmy Durmaz,Sweden,MF,Toulouse,1989-03-22,29,45,3
2018,Isaac Kiese Thelin,Sweden,FW,Waasland-Beveren,1992-06-24,25,20,2
2018,Kristoffer Nordfeldt,Sweden,GK,Swansea City,1989-06-23,28,8,0
2018,Thibaut Courtois,Belgium,GK,Chelsea,1992-05-11,26,58,0
2018,Toby Alderweireld,Belgium,DF,Tottenham Hotspur,1989-03-02,29,77,3
2018,Thomas Vermaelen,Belgium,DF,Barcelona,1985-11-14,32,66,1
2018,Vincent Kompany,Belgium,DF,Manchester City,1986-04-10,32,77,4
2018,Jan Vertonghen,Belgium,DF,Tottenham Hotspur,1987-04-24,31,102,8
2018,Axel Witsel,Belgium,MF,Tianjin Quanjian,1989-01-12,29,90,9
2018,Kevin De Bruyne,Belgium,MF,Manchester City,1991-06-28,26,62,14
2018,Marouane Fellaini,Belgium,MF,Manchester United,1987-11-22,30,82,17
2018,Romelu Lukaku,Belgium,FW,Manchester United,1993-05-13,25,69,36
2018,Eden Hazard,Belgium,FW,Chelsea,1991-01-07,27,86,22
2018,Yannick Ferreira Carrasco,Belgium,MF,Dalian Yifang,1993-09-04,24,26,5
2018,Simon Mignolet,Belgium,GK,Liverpool,1988-03-06,30,21,0
2018,Koen Casteels,Belgium,GK,VfL Wolfsburg,1992-06-25,25,0,0
2018,Dries Mertens,Belgium,FW,Napoli,1987-05-06,31,69,14
2018,Thomas Meunier,Belgium,DF,Paris Saint-Germain,1991-09-12,26,25,5
2018,Thorgan Hazard,Belgium,MF,Borussia Monchengladbach,1993-03-29,25,11,1
2018,Youri Tielemans,Belgium,MF,Monaco,1997-05-07,21,9,0
2018,Adnan Januzaj,Belgium,FW,Real Sociedad,1995-02-05,23,8,0
2018,Mousa Dembele (Belgian footballer),Belgium,MF,Tottenham Hotspur,1987-07-16,30,76,5
2018,Dedryck Boyata,Belgium,DF,Celtic,1990-11-28,27,7,0
2018,Michy Batshuayi,Belgium,FW,Borussia Dortmund,1993-10-02,24,16,7
2018,Nacer Chadli,Belgium,MF,West Bromwich Albion,1989-08-02,28,45,5
2018,Leander Dendoncker,Belgium,DF,Anderlecht,1995-04-15,23,5,0
2018,Jordan Pickford,England,GK,Everton,1994-03-07,24,3,0
2018,Kyle Walker,England,DF,Manchester City,1990-05-28,28,35,0
2018,Danny Rose (footballer,England,DF,Tottenham Hotspur,1990-07-02,27,18,0
2018,Eric Dier,England,MF,Tottenham Hotspur,1994-01-15,24,26,3
2018,John Stones,England,DF,Manchester City,1994-05-28,24,26,0
2018,Harry Maguire,England,DF,Leicester City,1993-03-05,25,5,0
2018,Jesse Lingard,England,MF,Manchester United,1992-12-15,25,12,1
2018,Jordan Henderson,England,MF,Liverpool,1990-06-17,27,39,0
2018,Harry Kane,England,FW,Tottenham Hotspur,1993-07-28,24,24,13
2018,Raheem Sterling,England,FW,Manchester City,1994-12-08,23,38,2
2018,Jamie Vardy,England,FW,Leicester City,1987-01-11,31,22,7
2018,Kieran Trippier,England,DF,Tottenham Hotspur,1990-09-19,27,7,0
2018,Jack Butland,England,GK,Stoke City,1993-03-10,25,8,0
2018,Danny Welbeck,England,FW,Arsenal,1990-11-26,27,39,16
2018,Gary Cahill,England,DF,Chelsea,1985-12-19,32,60,5
2018,Phil Jones (footballer,England,DF,Manchester United,1992-02-21,26,25,0
2018,Fabian Delph,England,DF,Manchester City,1989-11-21,28,11,0
2018,Ashley Young,England,DF,Manchester United,1985-07-09,32,34,7
2018,Marcus Rashford,England,FW,Manchester United,1997-10-31,20,19,3
2018,Dele Alli,England,MF,Tottenham Hotspur,1996-04-11,22,25,2
2018,Ruben Loftus-Cheek,England,MF,Crystal Palace,1996-01-23,22,4,0
2018,Trent Alexander-Arnold,England,DF,Liverpool,1998-10-07,19,1,0
2018,Nick Pope (footballer),England,GK,Burnley,1992-04-19,26,1,0
2018,Jaime Penedo,Panama,GK,Dinamo Bucuresti,1981-09-26,36,131,0
2018,Michael Amir Murillo,Panama,DF,New York Red Bulls,1996-02-11,22,22,2
2018,Harold Cummings,Panama,DF,San Jose Earthquakes,1992-03-01,26,52,0
2018,Fidel Escobar,Panama,DF,New York Red Bulls,1995-01-09,23,23,1
2018,Roman Torres,Panama,DF,Seattle Sounders FC,1986-03-20,32,111,10
2018,Gabriel Enrique Gomez,Panama,MF,Atletico Bucaramanga,1984-05-29,34,144,12
2018,Blas Perez,Panama,FW,Municipal,1981-03-13,37,118,43
2018,Edgar Yoel Barcenas,Panama,MF,Tapachula,1993-10-23,24,29,0
2018,Gabriel Torres,Panama,FW,Huachipato,1988-10-31,29,72,14
2018,Ismael Diaz (Panamanian footballer),Panama,FW,Deportivo Fabril,1997-05-12,21,11,2
2018,Armando Cooper,Panama,MF,Universidad de Chile,1987-11-26,30,98,7
2018,Jose Calderon (Panamanian footballer),Panama,GK,Chorrillo,1985-08-14,32,31,0
2018,Adolfo Machado,Panama,DF,Houston Dynamo,1985-02-14,33,76,1
2018,Valentin Pimentel,Panama,MF,Plaza Amador,1991-05-30,27,23,1
2018,Erick Davis,Panama,DF,Dunajska Streda,1991-03-31,27,38,0
2018,Abdiel Arroyo,Panama,FW,Alajuelense,1993-12-13,24,33,5
2018,Luis Ovalle,Panama,DF,CD Olimpia,1988-09-07,29,25,0
2018,Luis Tejada,Panama,FW,Sport Boys,1982-03-28,36,105,43
2018,Ricardo Avila,Panama,MF,Gent,1997-02-04,21,5,0
2018,Anibal Godoy,Panama,MF,San Jose Earthquakes,1990-02-10,28,88,1
2018,Jose Luis Rodriguez (footballer,Panama,MF,Gent,1998-06-19,19,2,0
2018,Alex Rodriguez (Panamanian footballer),Panama,GK,San Francisco,1990-08-05,27,6,0
2018,Felipe Baloy,Panama,DF,Municipal,1981-02-24,37,102,3
2018,Farouk Ben Mustapha,Tunisia,GK,Al-Shabab,1989-07-01,28,15,0
2018,Syam Ben Youssef,Tunisia,DF,KasImpasa,1989-03-31,29,42,1
2018,Yohan Benalouane,Tunisia,DF,Leicester City,1987-03-28,31,4,0
2018,Yassine Meriah,Tunisia,DF,CS Sfaxien,1993-07-02,24,16,1
2018,Oussama Haddadi,Tunisia,DF,Dijon,1992-01-28,26,9,0
2018,Rami Bedoui,Tunisia,DF,Etoile du Sahel,1990-01-19,28,8,0
2018,Saif-Eddine Khaoui,Tunisia,FW,Troyes,1995-04-27,23,5,0
2018,Fakhreddine Ben Youssef,Tunisia,FW,Al-Ettifaq,1991-06-23,26,39,5
2018,Anice Badri,Tunisia,MF,Esperance,1990-09-18,27,7,2
2018,Wahbi Khazri,Tunisia,FW,Rennes,1991-02-08,27,35,12
2018,Dylan Bronn,Tunisia,DF,Gent,1995-06-19,22,5,0
2018,Ali Maaloul,Tunisia,DF,Al Ahly,1990-01-01,28,46,0
2018,Ferjani Sassi,Tunisia,MF,Al-Nassr,1992-03-18,26,39,3
2018,Mohamed Amine Ben Amor,Tunisia,MF,Al-Ahli,1992-05-03,26,26,1
2018,Ahmed Khalil (footballer,Tunisia,FW,Club Africain,1994-12-21,23,3,0
2018,Aymen Mathlouthi,Tunisia,GK,Al-Batin,1984-09-14,33,70,0
2018,Ellyes Skhiri,Tunisia,MF,Montpellier,1995-05-10,23,5,0
2018,Bassem Srarfi,Tunisia,FW,Nice,1997-06-25,20,5,0
2018,Saber Khalifa,Tunisia,FW,Club Africain,1986-10-14,31,44,7
2018,Ghailene Chaalali,Tunisia,FW,Esperance,1994-02-28,24,6,1
2018,Hamdi Nagguez,Tunisia,DF,Zamalek,1992-10-28,25,15,0
2018,Mouez Hassen,Tunisia,GK,Chateauroux,1995-03-05,23,3,0
2018,Naim Sliti,Tunisia,FW,Dijon,1992-07-27,25,17,3
2018,David Ospina,Colombia,GK,Arsenal,1988-08-31,29,86,0
2018,Cristian Zapata,Colombia,DF,Milan,1986-09-30,31,55,2
2018,Oscar Murillo,Colombia,DF,Pachuca,1988-04-18,30,13,0
2018,Santiago Arias,Colombia,DF,PSV Eindhoven,1992-01-13,26,41,0
2018,Wilmar Barrios,Colombia,MF,Boca Juniors,1993-10-16,24,10,0
2018,Carlos Sanchez Moreno,Colombia,MF,Espanyol,1986-02-06,32,85,0
2018,Carlos Bacca,Colombia,FW,Villarreal,1986-09-08,31,45,14
2018,Abel Aguilar,Colombia,MF,Deportivo Cali,1985-01-06,33,70,7
2018,Radamel Falcao,Colombia,FW,Monaco,1986-02-10,32,73,29
2018,James Rodriguez,Colombia,MF,Bayern Munich,1991-07-12,26,63,21
2018,Juan Cuadrado,Colombia,MF,Juventus,1988-05-26,30,70,7
2018,Camilo Vargas,Colombia,GK,Deportivo Cali,1989-03-09,29,5,0
2018,Yerry Mina,Colombia,DF,Barcelona,1994-09-23,23,12,3
2018,Luis Muriel,Colombia,FW,Sevilla,1991-04-16,27,18,2
2018,Mateus Uribe,Colombia,MF,America,1991-03-21,27,8,0
2018,Jefferson Lerma,Colombia,MF,Levante,1994-10-25,23,5,0
2018,Johan Mojica,Colombia,DF,Girona,1992-08-21,25,4,1
2018,Farid Diaz,Colombia,DF,Olimpia,1983-07-20,34,13,0
2018,Miguel Borja,Colombia,FW,Palmeiras,1993-01-26,25,7,2
2018,Juan Fernando Quintero,Colombia,MF,River Plate,1993-01-18,25,15,2
2018,Jose Izquierdo (footballer,Colombia,FW,Brighton & Hove Albion,1992-07-07,25,5,1
2018,Jose Fernando Cuadrado,Colombia,GK,Once Caldas,1985-06-01,33,1,0
2018,Davinson Sanchez,Colombia,DF,Tottenham Hotspur,1996-06-12,22,9,0
2018,Eiji Kawashima,Japan,GK,Metz,1983-03-20,35,84,0
2018,Naomichi Ueda,Japan,DF,Kashima Antlers,1994-10-24,23,4,0
2018,Gen Shoji,Japan,DF,Kashima Antlers,1992-12-11,25,11,1
2018,Keisuke Honda,Japan,MF,Pachuca,1986-06-13,32,95,36
2018,Yuto Nagatomo,Japan,DF,Galatasaray,1986-09-12,31,105,3
2018,Wataru Endo,Japan,DF,Urawa Red Diamonds,1993-02-09,25,12,0
2018,Gaku Shibasaki,Japan,MF,Getafe,1992-05-28,26,18,3
2018,Genki Haraguchi,Japan,MF,Fortuna Dusseldorf,1991-05-09,27,33,6
2018,Shinji Okazaki,Japan,FW,Leicester City,1986-04-16,32,113,50
2018,Shinji Kagawa,Japan,MF,Borussia Dortmund,1989-03-17,29,92,30
2018,Takashi Usami,Japan,MF,Fortuna Dusseldorf,1992-05-06,26,24,3
2018,Masaaki Higashiguchi,Japan,GK,Gamba Osaka,1986-05-12,32,5,0
2018,Yoshinori Muto,Japan,FW,Mainz 05,1992-07-15,25,24,2
2018,Takashi Inui,Japan,MF,Eibar,1988-06-02,30,27,4
2018,Yuya Osako,Japan,FW,1. FC Koln,1990-05-18,28,29,7
2018,Hotaru Yamaguchi,Japan,MF,Cerezo Osaka,1990-10-06,27,42,2
2018,Makoto Hasebe,Japan,MF,Eintracht Frankfurt,1984-01-18,34,110,2
2018,Ryota Oshima,Japan,MF,Kawasaki Frontale,1993-01-23,25,5,0
2018,Hiroki Sakai,Japan,DF,Marseille,1990-04-12,28,43,0
2018,Tomoaki Makino,Japan,DF,Urawa Red Diamonds,1987-05-11,31,32,4
2018,Gotoku Sakai,Japan,DF,Hamburger SV,1991-03-14,27,41,0
2018,Maya Yoshida,Japan,DF,Southampton,1988-08-24,29,82,10
2018,Kosuke Nakamura,Japan,GK,Kashiwa Reysol,1995-02-27,23,4,0
2018,Wojciech Szczesny,Poland,GK,Juventus,1990-04-18,28,35,0
2018,Michal Pazdan,Poland,DF,Legia Warsaw,1987-09-21,30,33,0
2018,Artur Jedrzejczyk,Poland,DF,Legia Warsaw,1987-11-04,30,36,3
2018,Thiago Cionek,Poland,DF,SPAL,1986-04-21,32,19,0
2018,Jan Bednarek (footballer),Poland,DF,Southampton,1996-04-12,22,3,0
2018,Jacek Goralski,Poland,MF,Ludogorets Razgrad,1992-09-21,25,5,0
2018,Arkadiusz Milik,Poland,FW,Napoli,1994-02-28,24,40,12
2018,Karol Linetty,Poland,MF,Sampdoria,1995-02-02,23,20,1
2018,Robert Lewandowski,Poland,FW,Bayern Munich,1988-08-21,29,95,55
2018,Grzegorz Krychowiak,Poland,MF,West Bromwich Albion,1990-01-29,28,51,2
2018,Kamil Grosicki,Poland,MF,Hull City,1988-06-08,30,57,12
2018,Bartosz Bialkowski,Poland,GK,Ipswich Town,1987-07-06,30,1,0
2018,Maciej Rybus,Poland,MF,Lokomotiv Moscow,1989-08-19,28,51,2
2018,Lukasz Teodorczyk,Poland,FW,Anderlecht,1991-06-03,27,17,4
2018,Kamil Glik,Poland,DF,Monaco,1988-02-03,30,57,4
2018,Jakub Blaszczykowski,Poland,MF,VfL Wolfsburg,1985-12-14,32,99,20
2018,Slawomir Peszko,Poland,MF,Lechia Gdansk,1985-02-19,33,43,2
2018,Bartosz Bereszynski,Poland,DF,Sampdoria,1992-07-12,25,8,0
2018,Piotr Zielinski,Poland,MF,Napoli,1994-05-20,24,33,5
2018,Lukasz Piszczek,Poland,DF,Borussia Dortmund,1985-06-03,33,63,3
2018,Rafal Kurzawa,Poland,MF,Gornik Zabrze,1993-01-29,25,3,0
2018,Lukasz Fabianski,Poland,GK,Swansea City,1985-04-18,33,45,0
2018,Dawid Kownacki,Poland,FW,Sampdoria,1997-03-14,21,2,1
2018,Abdoulaye Diallo,Senegal,GK,Rennes,1992-03-30,26,17,0
2018,Adama Mbengue,Senegal,DF,Caen,1993-12-01,24,6,0
2018,Kalidou Koulibaly,Senegal,DF,Napoli,1991-06-20,26,26,0
2018,Kara Mbodji,Senegal,DF,Anderlecht,1989-11-22,28,52,5
2018,Idrissa Gueye,Senegal,MF,Everton,1989-09-26,28,61,1
2018,Salif Sane,Senegal,MF,Hannover 96,1990-08-25,27,22,0
2018,Moussa Sow,Senegal,FW,Bursaspor,1986-01-19,32,51,18
2018,Cheikhou Kouyate,Senegal,MF,West Ham United,1989-12-21,28,48,2
2018,Mame Biram Diouf,Senegal,FW,Stoke City,1987-12-16,30,49,10
2018,Sadio Mane,Senegal,FW,Liverpool,1992-04-10,26,53,14
2018,Cheikh N'Doye,Senegal,MF,Birmingham City,1986-03-29,32,26,3
2018,Youssouf Sabaly,Senegal,DF,Bordeaux,1993-03-05,25,5,0
2018,Alfred N'Diaye,Senegal,MF,Wolverhampton Wanderers,1990-03-06,28,21,0
2018,Moussa Konate (footballer),Senegal,FW,Amiens,1993-04-03,25,28,10
2018,Diafra Sakho,Senegal,FW,Rennes,1989-12-24,28,12,3
2018,Khadim N'Diaye,Senegal,GK,Horoya,1985-04-05,33,26,0
2018,Badou Ndiaye,Senegal,MF,Stoke City,1990-10-27,27,20,1
2018,Ismaila Sarr,Senegal,FW,Rennes,1998-02-25,20,16,3
2018,M'Baye Niang,Senegal,FW,Torino,1994-12-19,23,7,0
2018,Keita Balde,Senegal,FW,Monaco,1995-03-08,23,19,3
2018,Lamine Gassama,Senegal,DF,Alanyaspor,1989-10-20,28,36,0
2018,Moussa Wague,Senegal,DF,Eupen,1998-10-04,19,10,0
2018,Alfred Gomis,Senegal,GK,SPAL,1993-09-05,24,1,0
